{"timestamps": [1629070202.467301, 1629070216.116511, 1629070223.500464, 1629070235.521081, 1629070242.173011, 1629070300.032655, 1629070377.108213, 1629070382.59512, 1629070404.788809, 1629070411.561283, 1629070474.553575, 1629070508.581474, 1629070514.137688, 1629070523.875486, 1629070535.202509, 1629070546.142635, 1629070552.731995, 1629070590.867074, 1629070597.176458, 1629070602.950372, 1629070608.615559, 1629070616.365869, 1629070624.110192, 1629070633.655094, 1629070781.712189, 1629070790.612643, 1629070798.663485, 1629070831.587634, 1629070846.408837, 1629070862.270878, 1629070925.367472, 1629070934.396741, 1629070941.824767, 1629070948.868888, 1629070956.505288, 1629070984.339996, 1629070995.913302, 1629071200.434647, 1629071206.844915, 1629071222.417959, 1629071231.17745, 1629071286.668029, 1629071320.62579, 1629071338.871465, 1629071347.066248, 1629071390.151802, 1629071428.913524, 1629071469.575055, 1629071503.972961, 1629071510.936184, 1629071578.315585, 1629071662.42464, 1629071709.043882, 1629071762.247969, 1629071770.718374, 1629071779.407635, 1629071785.392577], "initial_reset_timestamp": 1629070195.059644, "episode_types": ["t", "t", "t", "t", "t", "t", "t", "t", "t", "t", "t", "t", "t", "t", "t", "t", "t", "t", "t", "t", "t", "t", "t", "t", "t", "t", "t", "t", "t", "t", "t", "t", "t", "t", "t", "t", "t", "t", "t", "t", "t", "t", "t", "t", "t", "t", "t", "t", "t", "t", "t", "t", "t", "t", "t", "t", "t", "t"], "episode_lengths": [90, 181, 89, 157, 79, 827, 1104, 63, 305, 81, 901, 476, 64, 124, 147, 142, 78, 535, 75, 67, 65, 96, 96, 122, 2135, 113, 100, 462, 201, 214, 902, 115, 91, 86, 93, 389, 151, 2963, 77, 208, 111, 794, 477, 249, 102, 611, 550, 574, 484, 85, 966, 1209, 661, 764, 106, 110, 69], "episode_rewards": [17.0, 180.0, -24.0, 172.0, 2.0, 1534.0, 2075.0, -38.0, 444.0, -12.0, 1748.0, 703.0, -45.0, 111.0, 162.0, 125.0, -43.0, 974.0, -38.0, -54.0, -28.0, 3.0, -25.0, 69.0, 4234.0, 28.0, 27.0, 765.0, 184.0, 265.0, 1521.0, 30.0, -10.0, -31.0, 4.0, 632.0, 162.0, 5870.0, -28.0, 259.0, 50.0, 1445.0, 800.0, 344.0, 29.0, 1166.0, 933.0, 997.0, 775.0, -12.0, 1797.0, 2168.0, 1208.0, 1407.0, -3.0, 17.0, -52.0]}